{"h": 0.02455303649979105, "a": 0.08240923576024892, "v": 0.010374187721699244, "e": 0.11009156141626082, "m": 0.029829255684710253, "o": 0.0694306080129608, "r": 0.07066053748512102, "w": 0.00705278397803952, "i": 0.08914909082266635, "l": 0.05868605505568352, "b": 0.01960757129530785, "u": 0.03577490508152987, "t": 0.07094969964765789, "p": 0.03080369256120434, "g": 0.023741005769379313, "s": 0.06449306505950601, "c": 0.04552917666025624, "f": 0.013053889132057983, "n": 0.07073183774437669, "y": 0.022881441532797128, "k": 0.007819261765037918, "d": 0.03250697653231189, "j": 0.0013745105534286512, "x": 0.00331744261814552, "z": 0.0035234211448841074, "q": 0.0016557504649371071}